loss,mean_absolute_error,val_loss,val_mean_absolute_error
1.0152567625045776,0.834675669670105,0.999745786190033,0.860068142414093
0.9010098576545715,0.7888933420181274,0.9989280104637146,0.8554168939590454
0.8591188788414001,0.7611697316169739,1.0082741975784302,0.8738290667533875
0.8281798958778381,0.7431501150131226,1.014328122138977,0.8794035315513611
0.8132882118225098,0.737723171710968,1.0050593614578247,0.8700974583625793
0.800309419631958,0.7290815114974976,1.0497220754623413,0.9000135064125061
0.7825753688812256,0.7168787121772766,1.0008095502853394,0.8630282282829285
0.7635374069213867,0.7040186524391174,1.0247384309768677,0.8868408799171448
