,Precision,Recall,F1-Score,AUC,F1_Score_Rank,AUC_Rank,CompositeScore
EfficientNetB0,0.778904,0.650336,0.66952,0.895717,3.0,3.0,2.9999999999999996
MobileNetV3-Small,0.934308,0.929395,0.930678,0.987474,1.0,1.0,1.0
ResNet18,0.854453,0.791547,0.805827,0.942046,2.0,2.0,2.0
MobileNetV2-Lite,0.670692,0.664745,0.647974,0.835977,4.0,4.0,4.0
